country_single,genre,type,title_count
Afghanistan,Documentaries,Movie,1
Afghanistan,International Movies,Movie,1
Albania,Dramas,Movie,1
Albania,International Movies,Movie,1
Algeria,Classic Movies,Movie,1
Algeria,Dramas,Movie,2
Algeria,International Movies,Movie,2
Angola,Action & Adventure,Movie,1
Angola,International Movies,Movie,1
Argentina,Action & Adventure,Movie,3
Argentina,Children & Family Movies,Movie,3
Argentina,Classic Movies,Movie,1
Argentina,Comedies,Movie,13
Argentina,Crime TV Shows,TV Show,6
Argentina,Cult Movies,Movie,1
Argentina,Documentaries,Movie,9
Argentina,Docuseries,TV Show,2
Argentina,Dramas,Movie,32
Argentina,Horror Movies,Movie,3
Argentina,Independent Movies,Movie,6
Argentina,International Movies,Movie,51
Argentina,International TV Shows,TV Show,14
Argentina,Kids' TV,TV Show,3
Argentina,LGBTQ Movies,Movie,1
Argentina,Movies,Movie,1
Argentina,Music & Musicals,Movie,5
Argentina,Reality TV,TV Show,1
Argentina,Romantic Movies,Movie,3
Argentina,Romantic TV Shows,TV Show,2
Argentina,Sci-Fi & Fantasy,Movie,1
Argentina,Spanish-Language TV Shows,TV Show,17
Argentina,Sports Movies,Movie,6
Argentina,Stand-Up Comedy,Movie,7
Argentina,TV Comedies,TV Show,2
Argentina,TV Dramas,TV Show,2
Argentina,TV Horror,TV Show,1
Argentina,Teen TV Shows,TV Show,1
Argentina,Thrillers,Movie,6
Armenia,Documentaries,Movie,1
Armenia,International Movies,Movie,1
Australia,Action & Adventure,Movie,12
Australia,British TV Shows,TV Show,3
Australia,Children & Family Movies,Movie,18
Australia,Classic Movies,Movie,4
Australia,Comedies,Movie,15
Australia,Crime TV Shows,TV Show,8
Australia,Cult Movies,Movie,2
Australia,Documentaries,Movie,13
Australia,Docuseries,TV Show,10
Australia,Dramas,Movie,33
Australia,Horror Movies,Movie,3
Australia,Independent Movies,Movie,7
Australia,International Movies,Movie,25
Australia,International TV Shows,TV Show,28
Australia,Kids' TV,TV Show,17
Australia,LGBTQ Movies,Movie,3
Australia,Movies,Movie,3
Australia,Music & Musicals,Movie,4
Australia,Reality TV,TV Show,11
Australia,Romantic Movies,Movie,4
Australia,Romantic TV Shows,TV Show,3
Australia,Sci-Fi & Fantasy,Movie,7
Australia,Science & Nature TV,TV Show,6
Australia,Sports Movies,Movie,7
Australia,Stand-Up Comedy,Movie,3
Australia,TV Action & Adventure,TV Show,2
Australia,TV Comedies,TV Show,14
Australia,TV Dramas,TV Show,19
Australia,TV Horror,TV Show,1
Australia,TV Mysteries,TV Show,2
Australia,TV Sci-Fi & Fantasy,TV Show,3
Australia,TV Thrillers,TV Show,2
Australia,Teen TV Shows,TV Show,1
Australia,Thrillers,Movie,8
Austria,Crime TV Shows,TV Show,1
Austria,Documentaries,Movie,3
Austria,Dramas,Movie,6
Austria,Independent Movies,Movie,4
Austria,International Movies,Movie,8
Austria,International TV Shows,TV Show,1
Austria,Sci-Fi & Fantasy,Movie,1
Austria,Sports Movies,Movie,1
Austria,TV Dramas,TV Show,1
Austria,Thrillers,Movie,1
Azerbaijan,International TV Shows,TV Show,1
Azerbaijan,Romantic TV Shows,TV Show,1
Azerbaijan,TV Dramas,TV Show,1
Bahamas,Action & Adventure,Movie,1
Bangladesh,Comedies,Movie,1
Bangladesh,Dramas,Movie,3
Bangladesh,Independent Movies,Movie,3
Bangladesh,International Movies,Movie,2
Belarus,British TV Shows,TV Show,1
Belarus,Kids' TV,TV Show,1
Belarus,TV Comedies,TV Show,1
Belgium,Action & Adventure,Movie,11
Belgium,Children & Family Movies,Movie,7
Belgium,Classic Movies,Movie,1
Belgium,Comedies,Movie,19
Belgium,Crime TV Shows,TV Show,7
Belgium,Documentaries,Movie,6
Belgium,Dramas,Movie,42
Belgium,Horror Movies,Movie,4
Belgium,Independent Movies,Movie,15
Belgium,International Movies,Movie,55
Belgium,International TV Shows,TV Show,10
Belgium,Kids' TV,TV Show,1
Belgium,LGBTQ Movies,Movie,3
Belgium,Music & Musicals,Movie,2
Belgium,Romantic Movies,Movie,3
Belgium,Sci-Fi & Fantasy,Movie,3
Belgium,TV Action & Adventure,TV Show,2
Belgium,TV Dramas,TV Show,8
Belgium,TV Mysteries,TV Show,2
Belgium,TV Sci-Fi & Fantasy,TV Show,1
Belgium,Thrillers,Movie,10
Bermuda,Documentaries,Movie,1
Botswana,Documentaries,Movie,1
Brazil,Action & Adventure,Movie,3
Brazil,Children & Family Movies,Movie,7
Brazil,Comedies,Movie,17
Brazil,Crime TV Shows,TV Show,5
Brazil,Documentaries,Movie,12
Brazil,Docuseries,TV Show,5
Brazil,Dramas,Movie,23
Brazil,Faith & Spirituality,Movie,4
Brazil,Independent Movies,Movie,10
Brazil,International Movies,Movie,37
Brazil,International TV Shows,TV Show,25
Brazil,Kids' TV,TV Show,3
Brazil,LGBTQ Movies,Movie,3
Brazil,Music & Musicals,Movie,4
Brazil,Reality TV,TV Show,5
Brazil,Romantic Movies,Movie,2
Brazil,Romantic TV Shows,TV Show,2
Brazil,Science & Nature TV,TV Show,2
Brazil,Sports Movies,Movie,2
Brazil,Stand-Up Comedy,Movie,9
Brazil,Stand-Up Comedy & Talk Shows,TV Show,1
Brazil,TV Comedies,TV Show,6
Brazil,TV Dramas,TV Show,10
Brazil,TV Horror,TV Show,2
Brazil,TV Mysteries,TV Show,5
Brazil,TV Sci-Fi & Fantasy,TV Show,2
Brazil,Thrillers,Movie,3
Bulgaria,Action & Adventure,Movie,4
Bulgaria,Children & Family Movies,Movie,1
Bulgaria,Dramas,Movie,2
Bulgaria,Horror Movies,Movie,1
Bulgaria,Independent Movies,Movie,1
Bulgaria,International Movies,Movie,4
Bulgaria,Sci-Fi & Fantasy,Movie,1
Bulgaria,Thrillers,Movie,3
Cambodia,Action & Adventure,Movie,2
Cambodia,Children & Family Movies,Movie,1
Cambodia,Comedies,Movie,1
Cambodia,Dramas,Movie,2
Cambodia,International Movies,Movie,3
Cambodia,Sci-Fi & Fantasy,Movie,1
Canada,Action & Adventure,Movie,37
Canada,Anime Series,TV Show,2
Canada,British TV Shows,TV Show,3
Canada,Children & Family Movies,Movie,68
Canada,Classic & Cult TV,TV Show,4
Canada,Comedies,Movie,81
Canada,Crime TV Shows,TV Show,15
Canada,Cult Movies,Movie,6
Canada,Documentaries,Movie,41
Canada,Docuseries,TV Show,11
Canada,Dramas,Movie,71
Canada,Faith & Spirituality,Movie,3
Canada,Horror Movies,Movie,31
Canada,Independent Movies,Movie,39
Canada,International Movies,Movie,56
Canada,International TV Shows,TV Show,24
Canada,Kids' TV,TV Show,61
Canada,Korean TV Shows,TV Show,1
Canada,LGBTQ Movies,Movie,6
Canada,Movies,Movie,6
Canada,Music & Musicals,Movie,13
Canada,Reality TV,TV Show,9
Canada,Romantic Movies,Movie,22
Canada,Romantic TV Shows,TV Show,2
Canada,Sci-Fi & Fantasy,Movie,22
Canada,Science & Nature TV,TV Show,4
Canada,Sports Movies,Movie,12
Canada,Stand-Up Comedy,Movie,2
Canada,TV Action & Adventure,TV Show,12
Canada,TV Comedies,TV Show,29
Canada,TV Dramas,TV Show,32
Canada,TV Horror,TV Show,8
Canada,TV Mysteries,TV Show,9
Canada,TV Sci-Fi & Fantasy,TV Show,9
Canada,TV Thrillers,TV Show,5
Canada,Teen TV Shows,TV Show,2
Canada,Thrillers,Movie,45
Cayman Islands,Children & Family Movies,Movie,2
Cayman Islands,Comedies,Movie,2
Chile,Action & Adventure,Movie,1
Chile,Children & Family Movies,Movie,1
Chile,Comedies,Movie,7
Chile,Crime TV Shows,TV Show,1
Chile,Dramas,Movie,10
Chile,Horror Movies,Movie,2
Chile,Independent Movies,Movie,5
Chile,International Movies,Movie,15
Chile,International TV Shows,TV Show,5
Chile,Romantic Movies,Movie,1
Chile,Spanish-Language TV Shows,TV Show,4
Chile,Sports Movies,Movie,1
Chile,Stand-Up Comedy,Movie,3
Chile,TV Dramas,TV Show,4
Chile,Thrillers,Movie,2
China,Action & Adventure,Movie,55
China,Anime Features,Movie,1
China,British TV Shows,TV Show,2
China,Children & Family Movies,Movie,15
China,Comedies,Movie,30
China,Crime TV Shows,TV Show,4
China,Cult Movies,Movie,1
China,Documentaries,Movie,6
China,Docuseries,TV Show,1
China,Dramas,Movie,28
China,Faith & Spirituality,Movie,1
China,Horror Movies,Movie,2
China,Independent Movies,Movie,2
China,International Movies,Movie,64
China,International TV Shows,TV Show,38
China,Kids' TV,TV Show,6
China,Korean TV Shows,TV Show,1
China,Music & Musicals,Movie,2
China,Reality TV,TV Show,1
China,Romantic Movies,Movie,9
China,Romantic TV Shows,TV Show,21
China,Sci-Fi & Fantasy,Movie,13
China,Sports Movies,Movie,1
China,TV Action & Adventure,TV Show,7
China,TV Comedies,TV Show,12
China,TV Dramas,TV Show,20
China,TV Mysteries,TV Show,1
China,TV Sci-Fi & Fantasy,TV Show,3
China,Teen TV Shows,TV Show,4
China,Thrillers,Movie,5
Colombia,Action & Adventure,Movie,1
Colombia,Comedies,Movie,7
Colombia,Crime TV Shows,TV Show,17
Colombia,Documentaries,Movie,3
Colombia,Docuseries,TV Show,1
Colombia,Dramas,Movie,5
Colombia,Independent Movies,Movie,2
Colombia,International Movies,Movie,13
Colombia,International TV Shows,TV Show,27
Colombia,Romantic Movies,Movie,2
Colombia,Romantic TV Shows,TV Show,4
Colombia,Sci-Fi & Fantasy,Movie,1
Colombia,Spanish-Language TV Shows,TV Show,26
Colombia,Stand-Up Comedy,Movie,3
Colombia,TV Action & Adventure,TV Show,1
Colombia,TV Comedies,TV Show,1
Colombia,TV Dramas,TV Show,7
Croatia,Comedies,Movie,1
Croatia,Dramas,Movie,2
Croatia,Independent Movies,Movie,2
Croatia,International Movies,Movie,2
Croatia,International TV Shows,TV Show,1
Croatia,TV Dramas,TV Show,1
Cuba,Crime TV Shows,TV Show,1
Cuba,International TV Shows,TV Show,1
Cuba,Spanish-Language TV Shows,TV Show,1
Cyprus,Kids' TV,TV Show,1
Cyprus,TV Comedies,TV Show,1
Czech Republic,Action & Adventure,Movie,5
Czech Republic,British TV Shows,TV Show,1
Czech Republic,Children & Family Movies,Movie,1
Czech Republic,Comedies,Movie,3
Czech Republic,Crime TV Shows,TV Show,2
Czech Republic,Cult Movies,Movie,1
Czech Republic,Documentaries,Movie,1
Czech Republic,Docuseries,TV Show,4
Czech Republic,Dramas,Movie,5
Czech Republic,Horror Movies,Movie,1
Czech Republic,Independent Movies,Movie,1
Czech Republic,International Movies,Movie,9
Czech Republic,International TV Shows,TV Show,3
Czech Republic,Reality TV,TV Show,1
Czech Republic,Romantic Movies,Movie,1
Czech Republic,Sci-Fi & Fantasy,Movie,3
Czech Republic,Science & Nature TV,TV Show,1
Czech Republic,Sports Movies,Movie,1
Czech Republic,TV Dramas,TV Show,1
Czech Republic,TV Horror,TV Show,1
Czech Republic,TV Thrillers,TV Show,1
Czech Republic,Thrillers,Movie,1
Denmark,Action & Adventure,Movie,3
Denmark,Children & Family Movies,Movie,3
Denmark,Comedies,Movie,1
Denmark,Crime TV Shows,TV Show,2
Denmark,Cult Movies,Movie,1
Denmark,Documentaries,Movie,9
Denmark,Docuseries,TV Show,1
Denmark,Dramas,Movie,15
Denmark,Independent Movies,Movie,7
Denmark,International Movies,Movie,21
Denmark,International TV Shows,TV Show,10
Denmark,Kids' TV,TV Show,3
Denmark,LGBTQ Movies,Movie,1
Denmark,Romantic Movies,Movie,1
Denmark,Sports Movies,Movie,1
Denmark,TV Action & Adventure,TV Show,1
Denmark,TV Comedies,TV Show,2
Denmark,TV Dramas,TV Show,8
Denmark,TV Mysteries,TV Show,2
Denmark,TV Thrillers,TV Show,1
Denmark,Thrillers,Movie,5
Dominican Republic,Horror Movies,Movie,1
Dominican Republic,International Movies,Movie,1
Dominican Republic,Thrillers,Movie,1
East Germany,Children & Family Movies,Movie,1
East Germany,Classic Movies,Movie,1
East Germany,Comedies,Movie,1
Ecuador,Documentaries,Movie,1
Egypt,Action & Adventure,Movie,14
Egypt,Children & Family Movies,Movie,1
Egypt,Classic Movies,Movie,8
Egypt,Comedies,Movie,57
Egypt,Crime TV Shows,TV Show,1
Egypt,Documentaries,Movie,1
Egypt,Dramas,Movie,41
Egypt,Horror Movies,Movie,3
Egypt,Independent Movies,Movie,3
Egypt,International Movies,Movie,95
Egypt,International TV Shows,TV Show,13
Egypt,Music & Musicals,Movie,3
Egypt,Romantic Movies,Movie,12
Egypt,Romantic TV Shows,TV Show,3
Egypt,Sports Movies,Movie,1
Egypt,TV Comedies,TV Show,3
Egypt,TV Dramas,TV Show,11
Egypt,TV Horror,TV Show,1
Egypt,TV Mysteries,TV Show,2
Egypt,TV Sci-Fi & Fantasy,TV Show,1
Egypt,Thrillers,Movie,4
Finland,Action & Adventure,Movie,1
Finland,British TV Shows,TV Show,1
Finland,Children & Family Movies,Movie,1
Finland,Comedies,Movie,2
Finland,Crime TV Shows,TV Show,2
Finland,Documentaries,Movie,3
Finland,Dramas,Movie,2
Finland,International Movies,Movie,6
Finland,International TV Shows,TV Show,2
Finland,Kids' TV,TV Show,2
Finland,Music & Musicals,Movie,1
Finland,Sports Movies,Movie,1
Finland,TV Comedies,TV Show,2
Finland,TV Dramas,TV Show,2
France,Action & Adventure,Movie,32
France,British TV Shows,TV Show,1
France,Children & Family Movies,Movie,19
France,Classic Movies,Movie,5
France,Comedies,Movie,48
France,Crime TV Shows,TV Show,20
France,Cult Movies,Movie,2
France,Documentaries,Movie,42
France,Docuseries,TV Show,7
France,Dramas,Movie,145
France,Faith & Spirituality,Movie,2
France,Horror Movies,Movie,9
France,Independent Movies,Movie,61
France,International Movies,Movie,191
France,International TV Shows,TV Show,40
France,Kids' TV,TV Show,41
France,LGBTQ Movies,Movie,1
France,Movies,Movie,1
France,Music & Musicals,Movie,8
France,Reality TV,TV Show,2
France,Romantic Movies,Movie,20
France,Romantic TV Shows,TV Show,2
France,Sci-Fi & Fantasy,Movie,9
France,Science & Nature TV,TV Show,1
France,Sports Movies,Movie,12
France,Stand-Up Comedy,Movie,4
France,Stand-Up Comedy & Talk Shows,TV Show,1
France,TV Action & Adventure,TV Show,4
France,TV Comedies,TV Show,22
France,TV Dramas,TV Show,25
France,TV Horror,TV Show,3
France,TV Mysteries,TV Show,2
France,TV Sci-Fi & Fantasy,TV Show,1
France,TV Thrillers,TV Show,3
France,Thrillers,Movie,33
Georgia,Documentaries,Movie,1
Georgia,Dramas,Movie,1
Georgia,Independent Movies,Movie,1
Georgia,International Movies,Movie,2
Germany,Action & Adventure,Movie,27
Germany,British TV Shows,TV Show,5
Germany,Children & Family Movies,Movie,17
Germany,Comedies,Movie,38
Germany,Crime TV Shows,TV Show,16
Germany,Cult Movies,Movie,2
Germany,Documentaries,Movie,19
Germany,Docuseries,TV Show,7
Germany,Dramas,Movie,68
Germany,Faith & Spirituality,Movie,1
Germany,Horror Movies,Movie,6
Germany,Independent Movies,Movie,26
Germany,International Movies,Movie,82
Germany,International TV Shows,TV Show,33
Germany,Kids' TV,TV Show,7
Germany,LGBTQ Movies,Movie,2
Germany,Movies,Movie,2
Germany,Music & Musicals,Movie,6
Germany,Reality TV,TV Show,3
Germany,Romantic Movies,Movie,9
Germany,Romantic TV Shows,TV Show,1
Germany,Sci-Fi & Fantasy,Movie,11
Germany,Science & Nature TV,TV Show,3
Germany,Sports Movies,Movie,4
Germany,Stand-Up Comedy,Movie,4
Germany,Stand-Up Comedy & Talk Shows,TV Show,1
Germany,TV Action & Adventure,TV Show,1
Germany,TV Comedies,TV Show,5
Germany,TV Dramas,TV Show,20
Germany,TV Mysteries,TV Show,1
Germany,TV Sci-Fi & Fantasy,TV Show,1
Germany,Thrillers,Movie,22
Ghana,Comedies,Movie,2
Ghana,Dramas,Movie,4
Ghana,Independent Movies,Movie,1
Ghana,International Movies,Movie,4
Greece,Action & Adventure,Movie,1
Greece,British TV Shows,TV Show,2
Greece,Comedies,Movie,1
Greece,Documentaries,Movie,1
Greece,Docuseries,TV Show,2
Greece,Dramas,Movie,3
Greece,Independent Movies,Movie,2
Greece,International Movies,Movie,1
Greece,International TV Shows,TV Show,1
Greece,LGBTQ Movies,Movie,1
Greece,Movies,Movie,2
Greece,Romantic Movies,Movie,1
Greece,Sci-Fi & Fantasy,Movie,1
Greece,Science & Nature TV,TV Show,1
Guatemala,Documentaries,Movie,1
Guatemala,Dramas,Movie,1
Guatemala,Independent Movies,Movie,1
Guatemala,International Movies,Movie,2
Hong Kong,Action & Adventure,Movie,66
Hong Kong,Children & Family Movies,Movie,2
Hong Kong,Classic Movies,Movie,1
Hong Kong,Comedies,Movie,31
Hong Kong,Crime TV Shows,TV Show,2
Hong Kong,Cult Movies,Movie,4
Hong Kong,Documentaries,Movie,1
Hong Kong,Dramas,Movie,31
Hong Kong,Independent Movies,Movie,4
Hong Kong,International Movies,Movie,81
Hong Kong,International TV Shows,TV Show,5
Hong Kong,Korean TV Shows,TV Show,1
Hong Kong,Music & Musicals,Movie,1
Hong Kong,Romantic Movies,Movie,10
Hong Kong,Romantic TV Shows,TV Show,2
Hong Kong,Sci-Fi & Fantasy,Movie,3
Hong Kong,Sports Movies,Movie,1
Hong Kong,TV Comedies,TV Show,1
Hong Kong,TV Dramas,TV Show,4
Hong Kong,Thrillers,Movie,3
Hungary,Action & Adventure,Movie,2
Hungary,Children & Family Movies,Movie,1
Hungary,Dramas,Movie,6
Hungary,International Movies,Movie,4
Hungary,Romantic Movies,Movie,1
Hungary,Sci-Fi & Fantasy,Movie,1
Hungary,TV Dramas,TV Show,1
Hungary,Thrillers,Movie,1
Iceland,Action & Adventure,Movie,1
Iceland,Crime TV Shows,TV Show,2
Iceland,Dramas,Movie,5
Iceland,Horror Movies,Movie,1
Iceland,Independent Movies,Movie,3
Iceland,International Movies,Movie,2
Iceland,International TV Shows,TV Show,2
Iceland,Romantic Movies,Movie,1
Iceland,Sci-Fi & Fantasy,Movie,1
Iceland,Stand-Up Comedy,Movie,1
Iceland,TV Dramas,TV Show,2
Iceland,Thrillers,Movie,1
India,Action & Adventure,Movie,134
India,British TV Shows,TV Show,2
India,Children & Family Movies,Movie,22
India,Classic Movies,Movie,11
India,Comedies,Movie,308
India,Crime TV Shows,TV Show,9
India,Cult Movies,Movie,5
India,Documentaries,Movie,26
India,Docuseries,TV Show,7
India,Dramas,Movie,626
India,Faith & Spirituality,Movie,4
India,Horror Movies,Movie,34
India,Independent Movies,Movie,145
India,International Movies,Movie,828
India,International TV Shows,TV Show,60
India,Kids' TV,TV Show,12
India,LGBTQ Movies,Movie,2
India,Music & Musicals,Movie,97
India,Reality TV,TV Show,4
India,Romantic Movies,Movie,113
India,Romantic TV Shows,TV Show,10
India,Sci-Fi & Fantasy,Movie,12
India,Sports Movies,Movie,18
India,Stand-Up Comedy,Movie,6
India,Stand-Up Comedy & Talk Shows,TV Show,3
India,TV Action & Adventure,TV Show,5
India,TV Comedies,TV Show,25
India,TV Dramas,TV Show,25
India,TV Horror,TV Show,7
India,TV Mysteries,TV Show,3
India,TV Sci-Fi & Fantasy,TV Show,3
India,TV Shows,TV Show,2
India,TV Thrillers,TV Show,3
India,Teen TV Shows,TV Show,1
India,Thrillers,Movie,88
Indonesia,Action & Adventure,Movie,6
Indonesia,Children & Family Movies,Movie,5
Indonesia,Comedies,Movie,13
Indonesia,Documentaries,Movie,2
Indonesia,Dramas,Movie,55
Indonesia,Faith & Spirituality,Movie,5
Indonesia,Horror Movies,Movie,10
Indonesia,International Movies,Movie,71
Indonesia,International TV Shows,TV Show,2
Indonesia,Kids' TV,TV Show,1
Indonesia,Music & Musicals,Movie,1
Indonesia,Romantic Movies,Movie,23
Indonesia,Romantic TV Shows,TV Show,1
Indonesia,Sci-Fi & Fantasy,Movie,2
Indonesia,Sports Movies,Movie,4
Indonesia,TV Comedies,TV Show,1
Indonesia,TV Dramas,TV Show,2
Iran,Classic Movies,Movie,1
Iran,Dramas,Movie,3
Iran,Horror Movies,Movie,1
Iran,Independent Movies,Movie,2
Iran,International Movies,Movie,3
Iran,Thrillers,Movie,1
Iraq,Documentaries,Movie,2
Iraq,International Movies,Movie,2
Ireland,Action & Adventure,Movie,3
Ireland,British TV Shows,TV Show,3
Ireland,Children & Family Movies,Movie,4
Ireland,Comedies,Movie,5
Ireland,Crime TV Shows,TV Show,2
Ireland,Documentaries,Movie,6
Ireland,Dramas,Movie,12
Ireland,Faith & Spirituality,Movie,1
Ireland,Horror Movies,Movie,3
Ireland,Independent Movies,Movie,6
Ireland,International Movies,Movie,12
Ireland,International TV Shows,TV Show,3
Ireland,Kids' TV,TV Show,3
Ireland,Romantic Movies,Movie,4
Ireland,Sports Movies,Movie,2
Ireland,TV Action & Adventure,TV Show,1
Ireland,TV Comedies,TV Show,2
Ireland,TV Dramas,TV Show,7
Ireland,TV Horror,TV Show,1
Ireland,TV Mysteries,TV Show,1
Ireland,Thrillers,Movie,1
Israel,Action & Adventure,Movie,1
Israel,Comedies,Movie,2
Israel,Crime TV Shows,TV Show,4
Israel,Documentaries,Movie,6
Israel,Docuseries,TV Show,3
Israel,Dramas,Movie,8
Israel,Faith & Spirituality,Movie,1
Israel,Horror Movies,Movie,2
Israel,Independent Movies,Movie,4
Israel,International Movies,Movie,13
Israel,International TV Shows,TV Show,7
Israel,Sci-Fi & Fantasy,Movie,1
Israel,Sports Movies,Movie,1
Israel,TV Action & Adventure,TV Show,3
Israel,TV Comedies,TV Show,1
Israel,TV Dramas,TV Show,3
Israel,Thrillers,Movie,3
Italy,Action & Adventure,Movie,4
Italy,Children & Family Movies,Movie,3
Italy,Classic Movies,Movie,5
Italy,Comedies,Movie,12
Italy,Crime TV Shows,TV Show,5
Italy,Documentaries,Movie,18
Italy,Docuseries,TV Show,2
Italy,Dramas,Movie,26
Italy,Faith & Spirituality,Movie,1
Italy,Horror Movies,Movie,2
Italy,Independent Movies,Movie,6
Italy,International Movies,Movie,49
Italy,International TV Shows,TV Show,11
Italy,Kids' TV,TV Show,10
Italy,LGBTQ Movies,Movie,1
Italy,Music & Musicals,Movie,3
Italy,Romantic Movies,Movie,4
Italy,Romantic TV Shows,TV Show,2
Italy,Sci-Fi & Fantasy,Movie,1
Italy,Spanish-Language TV Shows,TV Show,1
Italy,Sports Movies,Movie,3
Italy,Stand-Up Comedy,Movie,4
Italy,TV Comedies,TV Show,2
Italy,TV Dramas,TV Show,11
Italy,TV Horror,TV Show,1
Italy,Teen TV Shows,TV Show,1
Italy,Thrillers,Movie,9
Jamaica,Dramas,Movie,1
Jamaica,International Movies,Movie,1
Jamaica,Sports Movies,Movie,1
Japan,Action & Adventure,Movie,47
Japan,Anime Features,Movie,56
Japan,Anime Series,TV Show,132
Japan,Children & Family Movies,Movie,17
Japan,Classic Movies,Movie,3
Japan,Comedies,Movie,8
Japan,Crime TV Shows,TV Show,15
Japan,Cult Movies,Movie,1
Japan,Documentaries,Movie,7
Japan,Docuseries,TV Show,1
Japan,Dramas,Movie,19
Japan,Horror Movies,Movie,3
Japan,Independent Movies,Movie,6
Japan,International Movies,Movie,61
Japan,International TV Shows,TV Show,139
Japan,Kids' TV,TV Show,27
Japan,LGBTQ Movies,Movie,1
Japan,Movies,Movie,2
Japan,Music & Musicals,Movie,6
Japan,Reality TV,TV Show,9
Japan,Romantic Movies,Movie,6
Japan,Romantic TV Shows,TV Show,20
Japan,Sci-Fi & Fantasy,Movie,8
Japan,Sports Movies,Movie,1
Japan,Stand-Up Comedy & Talk Shows,TV Show,1
Japan,TV Action & Adventure,TV Show,5
Japan,TV Comedies,TV Show,8
Japan,TV Dramas,TV Show,21
Japan,TV Horror,TV Show,4
Japan,TV Mysteries,TV Show,4
Japan,TV Shows,TV Show,1
Japan,TV Thrillers,TV Show,4
Japan,Teen TV Shows,TV Show,14
Japan,Thrillers,Movie,3
Jordan,Comedies,Movie,2
Jordan,Documentaries,Movie,1
Jordan,Dramas,Movie,5
Jordan,Horror Movies,Movie,1
Jordan,International Movies,Movie,7
Jordan,International TV Shows,TV Show,1
Jordan,Sports Movies,Movie,1
Jordan,TV Dramas,TV Show,1
Jordan,TV Mysteries,TV Show,1
Jordan,Thrillers,Movie,2
Kazakhstan,Children & Family Movies,Movie,1
Kenya,Comedies,Movie,1
Kenya,Documentaries,Movie,1
Kenya,Dramas,Movie,2
Kenya,International Movies,Movie,3
Kenya,Romantic Movies,Movie,1
Kenya,Thrillers,Movie,2
Kuwait,Action & Adventure,Movie,1
Kuwait,Comedies,Movie,3
Kuwait,Dramas,Movie,2
Kuwait,International Movies,Movie,4
Kuwait,International TV Shows,TV Show,3
Kuwait,Romantic TV Shows,TV Show,1
Kuwait,Sci-Fi & Fantasy,Movie,1
Kuwait,TV Dramas,TV Show,3
Kuwait,Thrillers,Movie,1
Latvia,Dramas,Movie,1
Latvia,International Movies,Movie,1
Lebanon,Children & Family Movies,Movie,1
Lebanon,Classic Movies,Movie,1
Lebanon,Comedies,Movie,4
Lebanon,Crime TV Shows,TV Show,2
Lebanon,Documentaries,Movie,4
Lebanon,Dramas,Movie,14
Lebanon,Independent Movies,Movie,2
Lebanon,International Movies,Movie,18
Lebanon,International TV Shows,TV Show,7
Lebanon,Music & Musicals,Movie,1
Lebanon,Romantic Movies,Movie,3
Lebanon,Romantic TV Shows,TV Show,1
Lebanon,TV Dramas,TV Show,7
Lebanon,TV Thrillers,TV Show,1
Liechtenstein,Classic Movies,Movie,1
Liechtenstein,Dramas,Movie,1
Liechtenstein,Romantic Movies,Movie,1
Lithuania,Dramas,Movie,1
Lithuania,International Movies,Movie,1
Luxembourg,Action & Adventure,Movie,3
Luxembourg,Children & Family Movies,Movie,3
Luxembourg,Dramas,Movie,8
Luxembourg,Independent Movies,Movie,2
Luxembourg,International Movies,Movie,6
Luxembourg,Kids' TV,TV Show,1
Luxembourg,Sci-Fi & Fantasy,Movie,1
Luxembourg,Thrillers,Movie,1
Malawi,Children & Family Movies,Movie,1
Malawi,Dramas,Movie,1
Malawi,Independent Movies,Movie,1
Malaysia,Action & Adventure,Movie,5
Malaysia,Children & Family Movies,Movie,1
Malaysia,Comedies,Movie,7
Malaysia,Dramas,Movie,11
Malaysia,Horror Movies,Movie,4
Malaysia,Independent Movies,Movie,1
Malaysia,International Movies,Movie,17
Malaysia,International TV Shows,TV Show,4
Malaysia,Kids' TV,TV Show,4
Malaysia,Korean TV Shows,TV Show,1
Malaysia,Romantic Movies,Movie,2
Malaysia,Romantic TV Shows,TV Show,1
Malaysia,TV Comedies,TV Show,2
Malaysia,TV Dramas,TV Show,2
Malaysia,TV Mysteries,TV Show,1
Malta,Crime TV Shows,TV Show,1
Malta,Dramas,Movie,1
Malta,Romantic Movies,Movie,1
Malta,TV Action & Adventure,TV Show,1
Malta,TV Dramas,TV Show,1
Malta,Thrillers,Movie,1
Mauritius,International TV Shows,TV Show,1
Mauritius,TV Dramas,TV Show,1
Mexico,Action & Adventure,Movie,7
Mexico,Children & Family Movies,Movie,4
Mexico,Classic & Cult TV,TV Show,2
Mexico,Classic Movies,Movie,1
Mexico,Comedies,Movie,23
Mexico,Crime TV Shows,TV Show,29
Mexico,Documentaries,Movie,18
Mexico,Docuseries,TV Show,3
Mexico,Dramas,Movie,39
Mexico,Horror Movies,Movie,6
Mexico,Independent Movies,Movie,20
Mexico,International Movies,Movie,65
Mexico,International TV Shows,TV Show,39
Mexico,Kids' TV,TV Show,4
Mexico,LGBTQ Movies,Movie,1
Mexico,Movies,Movie,1
Mexico,Music & Musicals,Movie,3
Mexico,Reality TV,TV Show,2
Mexico,Romantic Movies,Movie,7
Mexico,Romantic TV Shows,TV Show,5
Mexico,Sci-Fi & Fantasy,Movie,4
Mexico,Spanish-Language TV Shows,TV Show,41
Mexico,Sports Movies,Movie,3
Mexico,Stand-Up Comedy,Movie,17
Mexico,Stand-Up Comedy & Talk Shows,TV Show,1
Mexico,TV Action & Adventure,TV Show,6
Mexico,TV Comedies,TV Show,3
Mexico,TV Dramas,TV Show,12
Mexico,TV Sci-Fi & Fantasy,TV Show,1
Mexico,Thrillers,Movie,2
Mongolia,Documentaries,Movie,1
Mongolia,International Movies,Movie,1
Montenegro,Dramas,Movie,1
Montenegro,International Movies,Movie,1
Morocco,Action & Adventure,Movie,1
Morocco,Documentaries,Movie,1
Morocco,Dramas,Movie,4
Morocco,Faith & Spirituality,Movie,2
Morocco,Independent Movies,Movie,1
Morocco,International Movies,Movie,3
Namibia,Documentaries,Movie,1
Namibia,Dramas,Movie,1
Namibia,International Movies,Movie,2
Nepal,Action & Adventure,Movie,1
Nepal,Comedies,Movie,2
Nepal,Dramas,Movie,1
Nepal,International Movies,Movie,2
Netherlands,Action & Adventure,Movie,1
Netherlands,British TV Shows,TV Show,1
Netherlands,Children & Family Movies,Movie,3
Netherlands,Comedies,Movie,6
Netherlands,Crime TV Shows,TV Show,2
Netherlands,Documentaries,Movie,10
Netherlands,Dramas,Movie,17
Netherlands,Independent Movies,Movie,3
Netherlands,International Movies,Movie,33
Netherlands,International TV Shows,TV Show,5
Netherlands,Kids' TV,TV Show,3
Netherlands,LGBTQ Movies,Movie,2
Netherlands,Music & Musicals,Movie,2
Netherlands,Romantic Movies,Movie,3
Netherlands,Sci-Fi & Fantasy,Movie,2
Netherlands,Sports Movies,Movie,1
Netherlands,Stand-Up Comedy,Movie,1
Netherlands,TV Action & Adventure,TV Show,1
Netherlands,TV Comedies,TV Show,1
Netherlands,TV Dramas,TV Show,3
Netherlands,TV Horror,TV Show,1
Netherlands,Thrillers,Movie,1
New Zealand,Action & Adventure,Movie,6
New Zealand,Children & Family Movies,Movie,2
New Zealand,Comedies,Movie,2
New Zealand,Documentaries,Movie,7
New Zealand,Docuseries,TV Show,1
New Zealand,Dramas,Movie,7
New Zealand,Independent Movies,Movie,2
New Zealand,International Movies,Movie,8
New Zealand,International TV Shows,TV Show,2
New Zealand,Kids' TV,TV Show,4
New Zealand,Reality TV,TV Show,1
New Zealand,Sci-Fi & Fantasy,Movie,3
New Zealand,Sports Movies,Movie,3
New Zealand,TV Action & Adventure,TV Show,2
New Zealand,TV Dramas,TV Show,2
New Zealand,TV Sci-Fi & Fantasy,TV Show,3
New Zealand,TV Thrillers,TV Show,1
Nicaragua,Documentaries,Movie,1
Nigeria,Action & Adventure,Movie,3
Nigeria,Comedies,Movie,29
Nigeria,Documentaries,Movie,1
Nigeria,Dramas,Movie,44
Nigeria,Horror Movies,Movie,2
Nigeria,Independent Movies,Movie,6
Nigeria,International Movies,Movie,64
Nigeria,International TV Shows,TV Show,8
Nigeria,Music & Musicals,Movie,1
Nigeria,Romantic Movies,Movie,14
Nigeria,Romantic TV Shows,TV Show,2
Nigeria,TV Comedies,TV Show,2
Nigeria,TV Dramas,TV Show,6
Nigeria,Thrillers,Movie,10
Norway,Action & Adventure,Movie,4
Norway,Children & Family Movies,Movie,1
Norway,Comedies,Movie,2
Norway,Crime TV Shows,TV Show,2
Norway,Documentaries,Movie,3
Norway,Docuseries,TV Show,1
Norway,Dramas,Movie,12
Norway,Horror Movies,Movie,2
Norway,Independent Movies,Movie,2
Norway,International Movies,Movie,16
Norway,International TV Shows,TV Show,8
Norway,Romantic Movies,Movie,1
Norway,Romantic TV Shows,TV Show,1
Norway,Science & Nature TV,TV Show,1
Norway,TV Action & Adventure,TV Show,1
Norway,TV Comedies,TV Show,3
Norway,TV Dramas,TV Show,5
Norway,TV Horror,TV Show,1
Norway,TV Mysteries,TV Show,1
Norway,TV Thrillers,TV Show,2
Norway,Thrillers,Movie,4
Pakistan,Action & Adventure,Movie,2
Pakistan,Children & Family Movies,Movie,1
Pakistan,Comedies,Movie,7
Pakistan,Crime TV Shows,TV Show,1
Pakistan,Dramas,Movie,13
Pakistan,Horror Movies,Movie,1
Pakistan,Independent Movies,Movie,4
Pakistan,International Movies,Movie,19
Pakistan,International TV Shows,TV Show,4
Pakistan,Music & Musicals,Movie,3
Pakistan,Romantic Movies,Movie,4
Pakistan,Romantic TV Shows,TV Show,4
Pakistan,TV Dramas,TV Show,3
Panama,Documentaries,Movie,1
Panama,Sports Movies,Movie,1
Paraguay,Action & Adventure,Movie,1
Paraguay,International Movies,Movie,1
Peru,Comedies,Movie,3
Peru,Documentaries,Movie,4
Peru,Dramas,Movie,2
Peru,Horror Movies,Movie,1
Peru,International Movies,Movie,10
Peru,Romantic Movies,Movie,1
Peru,Sports Movies,Movie,1
Philippines,Action & Adventure,Movie,5
Philippines,Children & Family Movies,Movie,1
Philippines,Comedies,Movie,27
Philippines,Documentaries,Movie,1
Philippines,Dramas,Movie,47
Philippines,Horror Movies,Movie,4
Philippines,Independent Movies,Movie,2
Philippines,International Movies,Movie,77
Philippines,International TV Shows,TV Show,1
Philippines,LGBTQ Movies,Movie,4
Philippines,Music & Musicals,Movie,1
Philippines,Romantic Movies,Movie,35
Philippines,Sports Movies,Movie,1
Philippines,TV Dramas,TV Show,1
Philippines,Thrillers,Movie,2
Poland,Action & Adventure,Movie,2
Poland,Classic Movies,Movie,2
Poland,Comedies,Movie,4
Poland,Crime TV Shows,TV Show,6
Poland,Cult Movies,Movie,1
Poland,Documentaries,Movie,1
Poland,Docuseries,TV Show,1
Poland,Dramas,Movie,23
Poland,Horror Movies,Movie,2
Poland,Independent Movies,Movie,4
Poland,International Movies,Movie,22
Poland,International TV Shows,TV Show,7
Poland,Romantic Movies,Movie,3
Poland,Sci-Fi & Fantasy,Movie,1
Poland,TV Action & Adventure,TV Show,1
Poland,TV Dramas,TV Show,7
Poland,TV Mysteries,TV Show,1
Poland,Thrillers,Movie,6
Portugal,Comedies,Movie,1
Portugal,Dramas,Movie,4
Portugal,Independent Movies,Movie,2
Portugal,International Movies,Movie,3
Portugal,Romantic Movies,Movie,1
Portugal,Sports Movies,Movie,1
Puerto Rico,Crime TV Shows,TV Show,1
Puerto Rico,International TV Shows,TV Show,1
Puerto Rico,Spanish-Language TV Shows,TV Show,1
Qatar,Children & Family Movies,Movie,1
Qatar,Comedies,Movie,2
Qatar,Dramas,Movie,5
Qatar,Horror Movies,Movie,1
Qatar,Independent Movies,Movie,2
Qatar,International Movies,Movie,6
Qatar,Thrillers,Movie,2
Romania,Children & Family Movies,Movie,1
Romania,Comedies,Movie,4
Romania,Documentaries,Movie,1
Romania,Dramas,Movie,7
Romania,International Movies,Movie,11
Romania,Music & Musicals,Movie,2
Romania,Romantic Movies,Movie,2
Romania,Sci-Fi & Fantasy,Movie,1
Romania,Thrillers,Movie,3
Russia,Action & Adventure,Movie,4
Russia,Children & Family Movies,Movie,1
Russia,Crime TV Shows,TV Show,6
Russia,Documentaries,Movie,2
Russia,Docuseries,TV Show,1
Russia,Dramas,Movie,3
Russia,Horror Movies,Movie,1
Russia,International Movies,Movie,7
Russia,International TV Shows,TV Show,10
Russia,Kids' TV,TV Show,7
Russia,Korean TV Shows,TV Show,1
Russia,Romantic TV Shows,TV Show,1
Russia,Sci-Fi & Fantasy,Movie,1
Russia,Science & Nature TV,TV Show,1
Russia,Sports Movies,Movie,1
Russia,TV Action & Adventure,TV Show,1
Russia,TV Comedies,TV Show,2
Russia,TV Dramas,TV Show,7
Russia,TV Mysteries,TV Show,1
Russia,Thrillers,Movie,1
Samoa,Documentaries,Movie,1
Samoa,Sports Movies,Movie,1
Saudi Arabia,Comedies,Movie,5
Saudi Arabia,Dramas,Movie,2
Saudi Arabia,Independent Movies,Movie,1
Saudi Arabia,International Movies,Movie,6
Saudi Arabia,International TV Shows,TV Show,3
Saudi Arabia,Romantic Movies,Movie,1
Saudi Arabia,Sports Movies,Movie,1
Saudi Arabia,TV Comedies,TV Show,1
Saudi Arabia,TV Dramas,TV Show,2
Saudi Arabia,TV Shows,TV Show,1
Senegal,Crime TV Shows,TV Show,1
Senegal,Documentaries,Movie,1
Senegal,Dramas,Movie,1
Senegal,Independent Movies,Movie,1
Senegal,International Movies,Movie,1
Senegal,International TV Shows,TV Show,1
Senegal,TV Dramas,TV Show,1
Serbia,Action & Adventure,Movie,2
Serbia,Documentaries,Movie,1
Serbia,Dramas,Movie,3
Serbia,Horror Movies,Movie,1
Serbia,Independent Movies,Movie,1
Serbia,International Movies,Movie,3
Serbia,Sci-Fi & Fantasy,Movie,2
Serbia,Thrillers,Movie,1
Singapore,Action & Adventure,Movie,5
Singapore,Crime TV Shows,TV Show,4
Singapore,Cult Movies,Movie,1
Singapore,Documentaries,Movie,1
Singapore,Dramas,Movie,7
Singapore,Horror Movies,Movie,3
Singapore,Independent Movies,Movie,1
Singapore,International Movies,Movie,14
Singapore,International TV Shows,TV Show,19
Singapore,Kids' TV,TV Show,2
Singapore,Korean TV Shows,TV Show,1
Singapore,Reality TV,TV Show,2
Singapore,Romantic Movies,Movie,1
Singapore,Romantic TV Shows,TV Show,5
Singapore,Sci-Fi & Fantasy,Movie,1
Singapore,Stand-Up Comedy,Movie,1
Singapore,TV Comedies,TV Show,2
Singapore,TV Dramas,TV Show,15
Singapore,TV Horror,TV Show,1
Singapore,TV Sci-Fi & Fantasy,TV Show,1
Singapore,Thrillers,Movie,3
Slovakia,Dramas,Movie,1
Slovakia,International Movies,Movie,1
Slovenia,Comedies,Movie,1
Slovenia,Dramas,Movie,1
Slovenia,Horror Movies,Movie,1
Slovenia,Independent Movies,Movie,2
Slovenia,International Movies,Movie,2
Slovenia,Sci-Fi & Fantasy,Movie,1
Somalia,Dramas,Movie,1
South Africa,Action & Adventure,Movie,11
South Africa,British TV Shows,TV Show,1
South Africa,Comedies,Movie,14
South Africa,Crime TV Shows,TV Show,3
South Africa,Documentaries,Movie,8
South Africa,Docuseries,TV Show,1
South Africa,Dramas,Movie,18
South Africa,Faith & Spirituality,Movie,1
South Africa,Horror Movies,Movie,2
South Africa,Independent Movies,Movie,3
South Africa,International Movies,Movie,34
South Africa,International TV Shows,TV Show,8
South Africa,Music & Musicals,Movie,3
South Africa,Romantic Movies,Movie,8
South Africa,Romantic TV Shows,TV Show,1
South Africa,Sci-Fi & Fantasy,Movie,3
South Africa,Sports Movies,Movie,1
South Africa,TV Action & Adventure,TV Show,1
South Africa,TV Comedies,TV Show,2
South Africa,TV Dramas,TV Show,7
South Africa,TV Mysteries,TV Show,1
South Africa,Thrillers,Movie,2
South Korea,Action & Adventure,Movie,16
South Korea,Children & Family Movies,Movie,9
South Korea,Comedies,Movie,16
South Korea,Crime TV Shows,TV Show,23
South Korea,Cult Movies,Movie,1
South Korea,Documentaries,Movie,2
South Korea,Dramas,Movie,23
South Korea,Horror Movies,Movie,4
South Korea,Independent Movies,Movie,2
South Korea,International Movies,Movie,39
South Korea,International TV Shows,TV Show,139
South Korea,Kids' TV,TV Show,16
South Korea,Korean TV Shows,TV Show,131
South Korea,Movies,Movie,1
South Korea,Music & Musicals,Movie,1
South Korea,Reality TV,TV Show,4
South Korea,Romantic Movies,Movie,1
South Korea,Romantic TV Shows,TV Show,74
South Korea,Sci-Fi & Fantasy,Movie,5
South Korea,Stand-Up Comedy,Movie,2
South Korea,Stand-Up Comedy & Talk Shows,TV Show,3
South Korea,TV Action & Adventure,TV Show,7
South Korea,TV Comedies,TV Show,16
South Korea,TV Dramas,TV Show,29
South Korea,TV Horror,TV Show,3
South Korea,TV Mysteries,TV Show,3
South Korea,TV Thrillers,TV Show,1
South Korea,Thrillers,Movie,13
Soviet Union,Action & Adventure,Movie,1
Soviet Union,Dramas,Movie,2
Soviet Union,International Movies,Movie,3
Soviet Union,Music & Musicals,Movie,1
Soviet Union,Romantic Movies,Movie,1
Soviet Union,Sci-Fi & Fantasy,Movie,1
Spain,Action & Adventure,Movie,5
Spain,Anime Series,TV Show,1
Spain,British TV Shows,TV Show,4
Spain,Children & Family Movies,Movie,9
Spain,Classic Movies,Movie,1
Spain,Comedies,Movie,43
Spain,Crime TV Shows,TV Show,27
Spain,Documentaries,Movie,20
Spain,Docuseries,TV Show,7
Spain,Dramas,Movie,73
Spain,Faith & Spirituality,Movie,3
Spain,Horror Movies,Movie,11
Spain,Independent Movies,Movie,19
Spain,International Movies,Movie,130
Spain,International TV Shows,TV Show,51
Spain,Kids' TV,TV Show,4
Spain,LGBTQ Movies,Movie,3
Spain,Movies,Movie,3
Spain,Music & Musicals,Movie,5
Spain,Reality TV,TV Show,2
Spain,Romantic Movies,Movie,10
Spain,Romantic TV Shows,TV Show,9
Spain,Sci-Fi & Fantasy,Movie,9
Spain,Science & Nature TV,TV Show,1
Spain,Spanish-Language TV Shows,TV Show,39
Spain,Sports Movies,Movie,5
Spain,TV Action & Adventure,TV Show,3
Spain,TV Comedies,TV Show,5
Spain,TV Dramas,TV Show,11
Spain,Teen TV Shows,TV Show,1
Spain,Thrillers,Movie,37
Sri Lanka,Documentaries,Movie,1
Sri Lanka,International Movies,Movie,1
Sudan,Dramas,Movie,1
Sweden,Action & Adventure,Movie,2
Sweden,Comedies,Movie,4
Sweden,Crime TV Shows,TV Show,4
Sweden,Cult Movies,Movie,1
Sweden,Documentaries,Movie,10
Sweden,Dramas,Movie,14
Sweden,Independent Movies,Movie,6
Sweden,International Movies,Movie,17
Sweden,International TV Shows,TV Show,9
Sweden,Kids' TV,TV Show,1
Sweden,Music & Musicals,Movie,3
Sweden,Romantic Movies,Movie,1
Sweden,Romantic TV Shows,TV Show,2
Sweden,Sports Movies,Movie,1
Sweden,Stand-Up Comedy,Movie,1
Sweden,TV Comedies,TV Show,3
Sweden,TV Dramas,TV Show,6
Sweden,TV Thrillers,TV Show,1
Sweden,Thrillers,Movie,4
Switzerland,Action & Adventure,Movie,1
Switzerland,Children & Family Movies,Movie,1
Switzerland,Comedies,Movie,3
Switzerland,Documentaries,Movie,4
Switzerland,Dramas,Movie,11
Switzerland,Faith & Spirituality,Movie,1
Switzerland,Independent Movies,Movie,3
Switzerland,International Movies,Movie,13
Switzerland,International TV Shows,TV Show,1
Switzerland,Sci-Fi & Fantasy,Movie,1
Switzerland,TV Comedies,TV Show,1
Switzerland,TV Dramas,TV Show,1
Switzerland,Thrillers,Movie,1
Syria,International TV Shows,TV Show,1
Syria,TV Dramas,TV Show,1
Taiwan,Action & Adventure,Movie,3
Taiwan,Comedies,Movie,2
Taiwan,Crime TV Shows,TV Show,5
Taiwan,Documentaries,Movie,1
Taiwan,Dramas,Movie,7
Taiwan,Horror Movies,Movie,3
Taiwan,Independent Movies,Movie,2
Taiwan,International Movies,Movie,14
Taiwan,International TV Shows,TV Show,70
Taiwan,LGBTQ Movies,Movie,1
Taiwan,Music & Musicals,Movie,2
Taiwan,Reality TV,TV Show,1
Taiwan,Romantic Movies,Movie,2
Taiwan,Romantic TV Shows,TV Show,48
Taiwan,Sports Movies,Movie,1
Taiwan,TV Action & Adventure,TV Show,3
Taiwan,TV Comedies,TV Show,36
Taiwan,TV Dramas,TV Show,29
Taiwan,TV Horror,TV Show,2
Taiwan,TV Mysteries,TV Show,3
Taiwan,TV Sci-Fi & Fantasy,TV Show,1
Taiwan,TV Thrillers,TV Show,1
Taiwan,Teen TV Shows,TV Show,1
Taiwan,Thrillers,Movie,2
Thailand,Action & Adventure,Movie,7
Thailand,Children & Family Movies,Movie,1
Thailand,Comedies,Movie,12
Thailand,Crime TV Shows,TV Show,5
Thailand,Documentaries,Movie,5
Thailand,Docuseries,TV Show,1
Thailand,Dramas,Movie,7
Thailand,Faith & Spirituality,Movie,3
Thailand,Horror Movies,Movie,14
Thailand,International Movies,Movie,38
Thailand,International TV Shows,TV Show,22
Thailand,LGBTQ Movies,Movie,4
Thailand,Music & Musicals,Movie,4
Thailand,Romantic Movies,Movie,9
Thailand,Romantic TV Shows,TV Show,8
Thailand,Sports Movies,Movie,2
Thailand,TV Action & Adventure,TV Show,2
Thailand,TV Comedies,TV Show,2
Thailand,TV Dramas,TV Show,16
Thailand,TV Horror,TV Show,1
Thailand,TV Mysteries,TV Show,3
Thailand,TV Sci-Fi & Fantasy,TV Show,1
Thailand,TV Thrillers,TV Show,1
Thailand,Teen TV Shows,TV Show,3
Thailand,Thrillers,Movie,1
Turkey,Action & Adventure,Movie,5
Turkey,Children & Family Movies,Movie,2
Turkey,Comedies,Movie,58
Turkey,Crime TV Shows,TV Show,10
Turkey,Dramas,Movie,27
Turkey,Horror Movies,Movie,4
Turkey,Independent Movies,Movie,3
Turkey,International Movies,Movie,77
Turkey,International TV Shows,TV Show,28
Turkey,Music & Musicals,Movie,1
Turkey,Romantic Movies,Movie,23
Turkey,Romantic TV Shows,TV Show,6
Turkey,Sports Movies,Movie,2
Turkey,TV Action & Adventure,TV Show,5
Turkey,TV Comedies,TV Show,3
Turkey,TV Dramas,TV Show,23
Turkey,TV Horror,TV Show,1
Turkey,TV Mysteries,TV Show,2
Turkey,TV Thrillers,TV Show,2
Turkey,Teen TV Shows,TV Show,1
Turkey,Thrillers,Movie,3
Uganda,Documentaries,Movie,1
Ukraine,Crime TV Shows,TV Show,1
Ukraine,Documentaries,Movie,1
Ukraine,International Movies,Movie,1
Ukraine,International TV Shows,TV Show,2
Ukraine,TV Comedies,TV Show,1
Ukraine,TV Dramas,TV Show,1
United Arab Emirates,Action & Adventure,Movie,3
United Arab Emirates,Children & Family Movies,Movie,4
United Arab Emirates,Comedies,Movie,11
United Arab Emirates,Documentaries,Movie,6
United Arab Emirates,Dramas,Movie,18
United Arab Emirates,Horror Movies,Movie,2
United Arab Emirates,Independent Movies,Movie,2
United Arab Emirates,International Movies,Movie,23
United Arab Emirates,International TV Shows,TV Show,1
United Arab Emirates,Romantic Movies,Movie,1
United Arab Emirates,Sci-Fi & Fantasy,Movie,3
United Arab Emirates,Sports Movies,Movie,3
United Arab Emirates,TV Dramas,TV Show,1
United Arab Emirates,Thrillers,Movie,4
United Kingdom,Action & Adventure,Movie,75
United Kingdom,British TV Shows,TV Show,212
United Kingdom,Children & Family Movies,Movie,40
United Kingdom,Classic & Cult TV,TV Show,7
United Kingdom,Classic Movies,Movie,14
United Kingdom,Comedies,Movie,85
United Kingdom,Crime TV Shows,TV Show,46
United Kingdom,Cult Movies,Movie,6
United Kingdom,Documentaries,Movie,119
United Kingdom,Docuseries,TV Show,88
United Kingdom,Dramas,Movie,156
United Kingdom,Faith & Spirituality,Movie,3
United Kingdom,Horror Movies,Movie,26
United Kingdom,Independent Movies,Movie,62
United Kingdom,International Movies,Movie,149
United Kingdom,International TV Shows,TV Show,116
United Kingdom,Kids' TV,TV Show,35
United Kingdom,LGBTQ Movies,Movie,6
United Kingdom,Movies,Movie,4
United Kingdom,Music & Musicals,Movie,31
United Kingdom,Reality TV,TV Show,34
United Kingdom,Romantic Movies,Movie,31
United Kingdom,Romantic TV Shows,TV Show,10
United Kingdom,Sci-Fi & Fantasy,Movie,31
United Kingdom,Science & Nature TV,TV Show,27
United Kingdom,Spanish-Language TV Shows,TV Show,1
United Kingdom,Sports Movies,Movie,20
United Kingdom,Stand-Up Comedy,Movie,21
United Kingdom,Stand-Up Comedy & Talk Shows,TV Show,1
United Kingdom,TV Action & Adventure,TV Show,8
United Kingdom,TV Comedies,TV Show,44
United Kingdom,TV Dramas,TV Show,33
United Kingdom,TV Horror,TV Show,2
United Kingdom,TV Mysteries,TV Show,3
United Kingdom,TV Sci-Fi & Fantasy,TV Show,4
United Kingdom,TV Thrillers,TV Show,2
United Kingdom,Thrillers,Movie,51
United States,Action & Adventure,Movie,315
United States,Anime Features,Movie,4
United States,Anime Series,TV Show,15
United States,British TV Shows,TV Show,21
United States,Children & Family Movies,Movie,348
United States,Classic & Cult TV,TV Show,18
United States,Classic Movies,Movie,69
United States,Comedies,Movie,588
United States,Crime TV Shows,TV Show,138
United States,Cult Movies,Movie,42
United States,Documentaries,Movie,478
United States,Docuseries,TV Show,180
United States,Dramas,Movie,716
United States,Faith & Spirituality,Movie,36
United States,Horror Movies,Movie,175
United States,Independent Movies,Movie,358
United States,International Movies,Movie,146
United States,International TV Shows,TV Show,67
United States,Kids' TV,TV Show,194
United States,Korean TV Shows,TV Show,2
United States,LGBTQ Movies,Movie,60
United States,Movies,Movie,24
United States,Music & Musicals,Movie,122
United States,Reality TV,TV Show,111
United States,Romantic Movies,Movie,191
United States,Romantic TV Shows,TV Show,39
United States,Sci-Fi & Fantasy,Movie,156
United States,Science & Nature TV,TV Show,45
United States,Spanish-Language TV Shows,TV Show,27
United States,Sports Movies,Movie,104
United States,Stand-Up Comedy,Movie,212
United States,Stand-Up Comedy & Talk Shows,TV Show,33
United States,TV Action & Adventure,TV Show,86
United States,TV Comedies,TV Show,238
United States,TV Dramas,TV Show,221
United States,TV Horror,TV Show,34
United States,TV Mysteries,TV Show,49
United States,TV Sci-Fi & Fantasy,TV Show,54
United States,TV Shows,TV Show,3
United States,TV Thrillers,TV Show,26
United States,Teen TV Shows,TV Show,29
United States,Thrillers,Movie,251
Unknown Country,Action & Adventure,Movie,15
Unknown Country,Anime Series,TV Show,10
Unknown Country,British TV Shows,TV Show,12
Unknown Country,Children & Family Movies,Movie,53
Unknown Country,Comedies,Movie,42
Unknown Country,Crime TV Shows,TV Show,31
Unknown Country,Documentaries,Movie,44
Unknown Country,Docuseries,TV Show,39
Unknown Country,Dramas,Movie,44
Unknown Country,Faith & Spirituality,Movie,2
Unknown Country,Horror Movies,Movie,6
Unknown Country,Independent Movies,Movie,3
Unknown Country,International Movies,Movie,95
Unknown Country,International TV Shows,TV Show,156
Unknown Country,Kids' TV,TV Show,70
Unknown Country,Korean TV Shows,TV Show,15
Unknown Country,LGBTQ Movies,Movie,1
Unknown Country,Movies,Movie,19
Unknown Country,Music & Musicals,Movie,23
Unknown Country,Reality TV,TV Show,33
Unknown Country,Romantic Movies,Movie,10
Unknown Country,Romantic TV Shows,TV Show,52
Unknown Country,Sci-Fi & Fantasy,Movie,1
Unknown Country,Science & Nature TV,TV Show,6
Unknown Country,Spanish-Language TV Shows,TV Show,15
Unknown Country,Sports Movies,Movie,9
Unknown Country,Stand-Up Comedy,Movie,29
Unknown Country,Stand-Up Comedy & Talk Shows,TV Show,7
Unknown Country,TV Action & Adventure,TV Show,9
Unknown Country,TV Comedies,TV Show,55
Unknown Country,TV Dramas,TV Show,81
Unknown Country,TV Horror,TV Show,1
Unknown Country,TV Mysteries,TV Show,1
Unknown Country,TV Sci-Fi & Fantasy,TV Show,3
Unknown Country,TV Shows,TV Show,5
Unknown Country,TV Thrillers,TV Show,1
Unknown Country,Teen TV Shows,TV Show,1
Unknown Country,Thrillers,Movie,11
Uruguay,Comedies,Movie,3
Uruguay,Documentaries,Movie,7
Uruguay,Docuseries,TV Show,1
Uruguay,Dramas,Movie,6
Uruguay,Independent Movies,Movie,1
Uruguay,International Movies,Movie,12
Uruguay,International TV Shows,TV Show,1
Uruguay,Music & Musicals,Movie,1
Uruguay,Science & Nature TV,TV Show,1
Uruguay,Sports Movies,Movie,1
Vatican City,Documentaries,Movie,1
Vatican City,Faith & Spirituality,Movie,1
Vatican City,International Movies,Movie,1
Venezuela,Documentaries,Movie,3
Venezuela,International Movies,Movie,2
Vietnam,Action & Adventure,Movie,2
Vietnam,Comedies,Movie,2
Vietnam,Documentaries,Movie,1
Vietnam,Dramas,Movie,2
Vietnam,Horror Movies,Movie,1
Vietnam,International Movies,Movie,5
Vietnam,Music & Musicals,Movie,1
Vietnam,Thrillers,Movie,1
West Germany,Children & Family Movies,Movie,1
West Germany,Classic Movies,Movie,1
West Germany,Comedies,Movie,1
West Germany,Documentaries,Movie,1
West Germany,Horror Movies,Movie,1
West Germany,International Movies,Movie,2
West Germany,International TV Shows,TV Show,1
West Germany,TV Comedies,TV Show,1
West Germany,TV Dramas,TV Show,1
West Germany,Thrillers,Movie,1
Zimbabwe,Comedies,Movie,1
Zimbabwe,Documentaries,Movie,2
Zimbabwe,International Movies,Movie,3
Zimbabwe,Romantic Movies,Movie,1
